Date,Status,AutoFixes,Flags
2026-04-25,issues,47,1
2026-05-01,issues,26,14
2026-05-02,issues,0,79
2026-05-03,issues,0,50
2026-05-04,success,0,0
2026-05-05,issues,1,35
2026-05-06,issues,0,36
2026-05-07,issues,0,36
2026-05-09,issues,2,2
2026-05-10,issues,0,2
2026-05-11,issues,0,2
2026-05-12,issues,0,2
2026-05-15,issues,0,3
2026-05-16,issues,0,3
2026-05-23,success,0,0
2026-05-24,issues,0,3
2026-05-25,issues,0,3
2026-05-26,issues,0,3
2026-05-27,issues,2,2
2026-05-28,issues,0,2
2026-05-29,issues,0,2
2026-05-30,issues,0,28
2026-05-31,issues,0,2
2026-06-01,issues,14,2
